{
  "name": "Franz Josef Strauß International Airport &#9983",
  "level": "beginner",
  "radio": "Munich",
  "icao": "EDDM",
  "iata": "MUC",
  "magnetic_north": 1.4,
  "ctr_radius": 80,
	"position": ["N48.353803", "E11.786100"],
  "rr_radius_nm": 5.0,
  "rr_center": ["N48.353803", "E11.786100"],
  "has_terrain": false,
  "wind": {
    "angle": 273,
    "speed": 3 
  },
  "runways":[
    {
      "name": ["26L", "8R"],
			"name_offset": [[-1.5, -1.5], [1.5, -1.1]],
      "end": [["N48.344783", "E11.804606"], ["N48.340656", "E11.750994"]],
      "length": 4,
			"delay": [20, 30],
      "ils": [true, true]
    },
    {
      "name": ["26R", "8L"],
			"name_offset": [[-1.5, 0.8], [1.5, 1.2]],
      "end": [["N48.366886", "E11.821172"], ["N48.362753", "E11.767528"]],
      "length": 4,
			"delay": [30, 20],
      "ils": [true, true]
    }
  ],
  "fixes":{
		"EDDM":  ["N48.353803", "E11.786100"],
    "ABABI": ["N48.538600", "E12.947800"],
    "ABGAS": ["N48.593667", "E10.391667"],
    "AKINI": ["N48.749722", "E12.124167"],
    "ALG":   ["N47.997222", "E10.261944"],
    "AMEMI": ["N47.894728", "E10.167200"],
    "AMEXO": ["N48.101667", "E10.803333"],
    "AMPEG": ["N48.132222", "E11.178056"],
    "ANDEC": ["N47.886786", "E11.334475"],
    "ANKER": ["N48.572625", "E12.002328"],
    "BEGEN": ["N48.319533", "E11.481500"],
    "BETOS": ["N48.068056", "E11.350000"],
    "BIBAG": ["N48.397050", "E12.749781"],
    "BINGU": ["N48.620228", "E12.617536"],
    "DEGIN": ["N48.601397", "E12.706028"],
    "DISUN": ["N47.862767", "E11.105136"],
    "DM053": ["N48.306453", "E11.289600"],
    "DM431": ["N48.329472", "E11.346489"],
    "DM438": ["N48.398358", "E12.243011"],
    "DM441": ["N48.307347", "E11.330008"],
    "DM448": ["N48.376292", "E12.226256"],
    "DODIL": ["N48.732567", "E10.573739"],
    "EBEVO": ["N48.145556", "E12.019167"],
    "ERNAS": ["N48.844669", "E11.219353"],
    "EVIVA": ["N48.667431", "E11.702939"],
    "GIVMI": ["N48.701094", "E11.364803"],
    "GONBA": ["N48.687642", "E13.075717"],
    "GUDEG": ["N48.387431", "E12.093969"],
    "INPUD": ["N48.667103", "E11.541492"],
    "IRBIR": ["N47.566414", "E11.103569"],
    "KIRDI": ["N48.207678", "E12.821653"],
    "KOGOL": ["N47.622267", "E11.399850"],
    "LAKOL": ["N48.071136", "E12.014789"],
    "LANDU": ["N48.596361", "E12.273928"],
    "LELTA": ["N48.493053", "E10.955231"],
    "MAGAT": ["N48.341522", "E11.496439"],
    "MAH":   ["N48.263333", "E11.311667"],
    "MAMOR": ["N48.885833", "E12.222222"],
    "MANAL": ["N47.899353", "E11.799956"],
    "MAXAL": ["N49.211900", "E12.732200"],
    "MEBEK": ["N48.231908", "E12.565506"],
    "MERSI": ["N47.982208", "E11.042586"],
    "MIQ":   ["N48.570000", "E11.597500"],
    "MNE":   ["N48.355278", "E11.675833"],
    "MNW":   ["N48.374167", "E11.913889"],
    "MORED": ["N47.876400", "E13.015500"],
    "MSE":   ["N48.333333", "E11.652778"],
    "MSW":   ["N48.352222", "E11.903611"],
    "MUN":   ["N48.180278", "E11.815833"],
    "NAPSA": ["N48.144167", "E12.345556"],
    "NELBI": ["N48.365233", "E12.075650"],
    "NIMDI": ["N48.802083", "E11.633747"],
    "NINUR": ["N47.735839", "E11.250544"],
    "OBAGA": ["N47.547089", "E11.251253"],
    "OBAXA": ["N48.012222", "E11.665556"],
    "OSDER": ["N47.683394", "E10.891747"],
    "PESIM": ["N48.399167", "E10.687167"],
    "RATGI": ["N48.234694", "E12.337419"],
    "REDNI": ["N49.079903", "E10.890194"],
    "RIDAR": ["N48.588422", "E10.802825"],
    "ROKIL": ["N48.520278", "E11.283611"],
    "ROSAB": ["N48.633206", "E12.814906"],
    "ROTAX": ["N47.977450", "E12.384081"],
    "ROTIN": ["N47.942783", "E12.246511"],
    "RUDNO": ["N49.335833", "E12.541397"],
    "SBG":   ["N47.967500", "E12.893889"],
    "SIMBA": ["N48.230200", "E13.015800"],
    "STAUB": ["N48.785739", "E12.658047"],
    "TULSI": ["N47.701608", "E11.788758"],
    "TURBU": ["N47.914083", "E11.948703"],
    "TUSTO": ["N48.608364", "E12.441708"],
    "UNKEN": ["N47.690100", "E12.696900"],
    "UNKUL": ["N49.137336", "E11.459722"],
    "VAVOR": ["N47.934167", "E12.154547"],
    "VIBUG": ["N48.438544", "E12.480878"],
    "WALDA": ["N48.579167", "E11.129167"],
    "XERUM": ["N48.811100", "E10.767800"]
  },
  "departures": {
    "airlines": [
			["dlh", 50],
			["thy", 10],
			["baw", 9],
			["klc", 8],
			["klm", 7],
			["sas", 6],
			["sa-afr", 5],
			["sa-aza", 5],
			["nax", 5],
			["sa-ibe", 5],
			["sa-uae", 4],
			["aal", 4],
			["ual", 4],
			["aca", 3],
			["afl", 3],
			["dal", 3],
			["fdx", 3],
			["ups", 2],
			["tso", 2],
			["svr", 1],
			["sbi", 1]
    ],
    "sids": {
      "ALG":   ["MSE", "DM053", "AMEXO", "ALG"],
      "BIBAG": ["MUN", "MEBEK", "BIBAG"],
      "GIVMI": ["MNE", "GIVMI"],
      "KIRDI": ["MUN", "MEBEK", "KIRDI"],
      "MAMOR": ["ANKER", "AKINI", "MAMOR"],
      "NIMDI": ["MNE", "EVIVA", "NIMDI"],
      "ROTAX": ["MUN", "LAKOL", "ROTAX"],
      "STAUB": ["ANKER", "STAUB"],
      "TULSI": ["MUN", "MANAL", "TULSI"],
      "VAVOR": ["MUN", "LAKOL", "VAVOR"]

    },
    "destinations": [
      248, 179, 150, 125, 100, 76, 324, 345, 27, 52
    ],
    "frequency": [2, 4]
  },
  "arrivals": [
		{
      "_comment": "north-west",
      "type": "cyclic",
      "radial": 305,
			"heading": 135,
      "speed": 250,
      "offset": 1,
      "frequency": [2, 6],
      "altitude":  [9000, 10000],
      "fixes": ["ABGAS", "LELTA", "ROKIL"],
      "airlines":  [
				["dlh", 50],
				["baw", 10],
				["klc", 9],
				["klm", 9],
				["sas", 8],
				["sa-afr", 8],
				["nax", 4],
				["aal", 4],
				["ual", 4],
				["aca", 2],
				["dal", 2],
				["fdx", 1],
				["ups", 1]
			 ]
    },
		{
      "_comment": "north-east",
      "type": "cyclic",
      "radial": 60,
			"heading": 225,
      "speed": 250,
      "offset": 1,
      "frequency": [2, 7],
      "altitude":  [9000, 10000],
      "fixes": ["ROSAB", "BINGU", "TUSTO", "LANDU"],
      "airlines":  [
			["dlh", 50],
			["afl", 9],
			["baw", 9],
			["svr", 8],
			["sbi", 8],
			["sas", 8],
			["tso", 6],
			["nax", 5],
			["dal", 2],
			["fdx", 2],
			["ups", 1]
			 ]
    },
		{
      "_comment": "south-west",
      "type": "cyclic",
      "radial": 230,
			"heading": 30,
      "speed": 250,
      "offset": 1,
      "frequency": [3, 7],
      "altitude":  [9000, 10000],
      "fixes": ["OSDER", "MERSI", "BETOS"],
      "airlines":  [
			["dlh", 50],
			["sa-ibe", 15],
			["sa-afr", 7],
			["sa-aza", 9],
			["sa-uae", 8],
			["tso", 5],
			["fdx", 1],
			["ups", 1]
			 ]
    },
		{
      "_comment": "south-east",
      "type": "cyclic",
      "radial": 120,
			"heading": 290,
      "speed": 250,
      "offset": 1,
      "frequency": [4, 9],
      "altitude":  [9000, 10000],
      "fixes": ["SBG", "NAPSA"],
      "airlines":  [
			["dlh", 50],
			["thy", 20],
			["sa-uae", 15],
			["sa-aza", 12],
			["sa-ibe", 8],
			["afl", 3],
			["fdx", 1],
			["ups", 1],
			["tso", 2],
			["svr", 4],
			["sbi", 2]
			 ]
    }
  ]
}
