{
  "name": "San Francisco International Airport (WIP)",
  "level": "hard",
  "radio": "San Francisco",
  "icao": "KSFO",
  "magnetic_north": 13.7,
  "ctr_radius": 80,
  "position": ["N37.6195", "W122.3738333"],
  "wind": {
    "angle": 310,
    "speed": 5
  },
  "fixes": {
    "BERKS": ["N37.860861", "W122.211678"],
    "NEPIC": ["N37.585894", "W122.296883"],
    "FAITH": ["N37.40121667", "W121.8619"],
    "DIVEC": ["N37.432883", "W121.935008"],
    "PONKE": ["N37.458817", "W121.996053"],
    "WETOR": ["N37.484719", "W122.057142"],
    "ROKME": ["N37.510592", "W122.118275"],
    "CEPIN": ["N37.536",   "W122.17283" ],
    "AXMUL": ["N37.571517", "W122.257208"],
    "DUMBA": ["N37.5035167", "W122.0961472"],
    "MEHTA": ["N37.461692", "W121.996525" ],
    "MENLO": ["N37.46367",  "W122.15367" ],
    "SWELS": ["N37.3681556","W122.1160806"],
    "EDDYY": ["N37.32645", "W122.0997083"],
    "EPICK": ["N36.9508222", "W121.9526722"],
    "MOVDD": ["N37.661333", "W121.4481667"],
    "RISTI": ["N37.60817", "W121.53333"],
    "CEDES": ["N37.55083", "W121.6246667"],
    "FRELY": ["N37.510575", "W121.7931528"],
    "ARCHI": ["N37.4908333", "W121.8755"],
    "BOLDR": ["N37.170833", "W122.0761667"],
    "SKUNK": ["N37.007594", "W122.033228"],
    "PYE":   ["N38.0798333", "W122.8678333"],
    "DUXBY": ["N37.6958333", "W122.4553333"],
    "HADLY": ["N37.402358", "W122.575592"],
    "OSI":   ["N37.3925", "W122.28133333"],
    "TAILS": ["N37.272861", "W122.520369"],
    "SAU":   ["N37.8553333", "W122.5228333"],
    "BSR":   ["N36.1813333", "W121.6421667"],
    "EUGEN": ["N37.093447", "W122.444214"],
    "GROAN": ["N37.5903333", "W121.2851667"],
    "LOCKE": ["N37.7135", "W121.5096666667"],
    "UPEND": ["N38.032",  "W122.097"],
    "STINS": ["N37.823667", "W122.7566667"],
    "LOZIT": ["N37.899333", "W122.6731667"],
    "SFO":   ["N37.6195", "W122.3738333"]
  },
  "runways":[
    {
      "name":        ["28R", "10L"],
      "name_offset": [[0, 0.3], [0, 0.3]],
      "oldposition":  [0, 0.229],
      "end":    [ ["N37.6135324", "W122.3571410"], ["N37.6287386", "W122.3933911"]],
      "length":      3.62,
      "ils":         [true, false]
    },
    {
      "name":        ["28L", "10R"],
      "name_offset": [[0, -0.2], [0, -0.3]],
      "oldposition":    [0, 0],
      "end":    [["N37.6117091", "W122.3583420"], ["N37.6262900", "W122.3931054"]],
      "length":      3.47,
      "ils":         [true, false]
    },
    {
      "name":        ["19L", "01R"],
      "name_offset": [[0.3, -0.1], [0.4, 0]],
      "oldposition":    [0.8, 0.3],
      "end":    [["N37.6273412","W122.3671104" ], ["N37.6063291", "W122.3810404"] ],
      "length":      2.64,
      "ils":         [false, false]
    },
    {
      "name":        ["19R", "01L"],
      "name_offset": [[-0.3, 0], [-0.3, 0.1]],
      "oldposition":    [0.4, 0.3],
      "end":    [["N37.6264803", "W122.3706090"], ["N37.6078970","W122.3829280"]], 
      "length":      2.33,
      "ils":         [false, false]
    }
  ],
  "departures": {
    "airlines": [
      ["ual", 11],
      ["baw", 9],
      ["ups", 2]
    ],
    "destinations": [
      67, 170, 340
    ],
    "frequency": [2.8, 3.2]
  },
  "arrivals": [
    {
      "radial":    45,
      "fixes":   ["MOVDD", "RISTI", "CEDES", "ARCHI"],
      "airlines":  [
        ["ual", 1],
        ["baw", 1],
        ["dal", 1],
        ["aal", 1]
      ],
      "frequency": [6, 8],
      "altitude":  [7000, 9000]
    },
    {
      "radial":    90,
      "fixes":    ["FAITH"],
      "airlines":  [
        ["ual", 2],
        ["baw", 5],
        ["cessna", 1]
      ],
      "frequency": [10, 15],
      "altitude":  [8000, 10000]
    },
    {
      "radial":    145,
      "fixes":    ["SKUNK", "BOLDR", "MENLO"],
      "airlines":  [
        ["ual", 4],
        ["baw", 3],
        ["dal", 2],
        ["aca", 1]
      ],
      "frequency": [3.5, 4],
      "altitude":  [8000, 10000]
    },
    {
      "radial":    315,
      "fixes":    ["PYE", "DUXBY", "SFO"],
      "airlines":  [
        ["ual", 10],
        ["baw", 10],
        ["fastga", 1]
      ],
      "frequency": [8, 10],
      "altitude":  [8000, 10000]
    }
  ]
}
