{
  "radio": {
    "twr": "Ruzyne Tower",
    "app": "Ruzyne Approach",
    "dep": "Ruzyne Departure"
  },
  "icao": "LKPR",
  "iata": "PRG",
  "magnetic_north": 4,
  "ctr_radius": 80,
  "ctr_ceiling": 10000,
  "initial_alt": 5000,
  "position": ["N50.1008333", "E14.26", "1247ft"],
  "rr_radius_nm": 5.0,
  "rr_center": ["N50.1008333", "E14.26"],
  "has_terrain": false,
  "wind": {
    "angle": 300,
    "speed": 8
  },
  "fixes": {
    "ARTUP": ["N50d41.1", "E14d54.3"],
    "BAGRU": ["N50d25.9", "E14d20.2"],
    "BALTU": ["N50d05.4", "E13d19.36"],
    "DOBEN": ["N49d46.4", "E13d33.7"],
    "ERASU": ["N50d16m07.51", "E14d28m41.31"],
    "ESINU": ["N50d13.7", "E13d41.2"],
    "RATEV": ["N50d07m03.32", "E14d35m12.65"],
    "UTORO": ["N50d16.6","E14d33.1"],
    "VENOX": ["N50d33.3","E14d08.0"],
    "OKL": ["N50d05m44.80", "E14d15m15.81"],
    "VOZ": ["N49d31.9", "E14d52.5"],
    "L": ["N50d07m11.74", "E14d17m11.75"],
    "LOMKI": ["N49d54.6", "E13d14.5"],
    "PR402": ["N50d02m17.81", "E14d00m55.69"],
    "PR403": ["N49d51m23.47", "E14d09m33.64"],
    "PR404": ["N49d40m02.98", "E14d32m41.81"],
    "PR405": ["N50d11m57.78", "E13d50m31.95"],
    "PR406": ["N50d18m36.63", "E13d55m59.77"],
    "PR409": ["N50d33m47.47", "E14d47m01.93"],
    "PR511": ["N49d54m02.32", "E13d28m55.38"],
    "PR512": ["N50d04m38.03", "E13d50m24.45"],
    "PR513": ["N50d10m58.18", "E14d11m23.04"],
    "PR626": ["N49d59m09.31", "E14d29m49.09"],
    "PR631": ["N50d11m12.65", "E14d30m40.40"],
    "PR632": ["N50d24m32.94", "E14d17m03.43"],
    "PR633": ["N50d13m05.31", "E14d37m01.03"],
    "PR634": ["N50d16m55.43", "E14d50m03.55"],
    "PR635": ["N49d59m06.31", "E14d39m38.94"],
    "PR813": ["N50d11m50.08", "E14d03m35.81"], 
    "PR814": ["N50d07m23.07", "E13d58m25.68"],
    "PR815": ["N50d13m49.78", "E13d59m25.84"],
    "PR816": ["N50d21m05.62", "E13d58m53.88"],
    "PR817": ["N49d58m06.00", "E13d58m51.00"],
    "PR819": ["N50d25m55.18", "E14d39m15.96"],
    "PR856": ["N50d07m34.46", "E14d39m32.11"],
    "PR858": ["N50d20m13.63", "E14d30m27.42"],
    "PR860": ["N49d57m20.79", "E14d33m31.40"],
    "PR861": ["N50d10m41.57", "E14d48m58.68"]
  },
  "runways": [
    {
      "name":        ["06", "24"],
      "name_offset": [[0, 0], [0, 0]],
      "end": [
        ["N50d06m06.61", "E14d13m34.68"],
        ["N50d06m57.42", "E14d16m24.12"]
      ],
      "length":      3.715,
      "ils":         [true, true]
    },
    {
      "name":        ["12", "30"],
      "name_offset": [[0, 0], [0, 0]],
      "end": [
        ["N50d06m28.84", "E14d14m43.32"],
        ["N50d05m25.68", "E14d16m54.02"]
      ],
      "length":      3.250,
      "ils":         [true, true]
    },
    {
      "name":        ["04", "22"],
      "name_offset": [[0, 0], [0, 0]],
      "end": [
        ["N50d05m15.77", "E14d16m00.06"],
        ["N50d06m10.50", "E14d17m04.00"]
      ],
      "length":      2.120,
      "ils":         [false, false]
    }
  ],
  "sids":{
      "BALTU": {
	"icao": "BALTU",
	"name": "Baltu",
	"suffix": {"24":"3A","30":"3B","06":"4E","12":"3H"},
	"rwy": {
	  "24" : ["PR402","PR405","BALTU"],
	  "30" : ["PR815","BALTU"],
	  "06" : ["PR631","PR632","ESINU","BALTU"],
	  "12" : ["PR626","PR856",["UTORO","A140+"],["PR858","A140+"],["ESINU","A140+"],["BALTU","A140+"]]
	},
	"draw":[["PR402","PR405","BALTU"],["PR815","BALTU"],["PR631","PR632","ESINU","BALTU"],["PR626","PR856","UTORO","PR858","ESINU","BALTU"]]
      },
      "DOBEN": {
	"icao": "DOBEN",
	"name": "Doben",
	"suffix": {"24":"3A","30":"3B","06":"4E","12":"3H"},
	"rwy": {
	  "24" : ["PR402","DOBEN"],
	  "30" : ["PR813","PR814","PR817","DOBEN"],
	  "06" : ["PR631","PR632","ESINU","DOBEN"],
	  "12" : ["PR626","PR856","UTORO","PR858","ESINU","DOBEN"]
	},
	"draw":[["PR402","DOBEN"],["PR813","PR814","PR817","DOBEN"],["PR631","PR632","ESINU","DOBEN"],["PR626","PR856","UTORO","PR858","ESINU","DOBEN"]]
      },
      "VENOX": {
	"icao": "VENOX",
	"name": "Venox",
	"suffix": {"24":"2A","30":"2B","06":"2E","12":"2H"},
	"rwy": {
	  "24" : ["PR402","PR405","VENOX"],
	  "30" : ["PR815","PR816","VENOX"],
	  "06" : ["PR631","VENOX"],
	  "12" : ["PR626","PR856","UTORO","PR858","VENOX"]
	},
	"draw":[["PR402","PR405","VENOX"],["PR815","PR816","VENOX"],["PR631","VENOX"],["PR626","PR856","UTORO","PR858","VENOX"]]
      },
      "ARTUP": {
	"icao": "ARTUP",
	"name": "Artup",
	"suffix": {"24":"2A","30":"2B","06":"2E","12":"2H"},
	"rwy": {
	  "24" : ["PR402","PR405","PR406","BAGRU","PR409","ARTUP"],
	  "30" : ["PR815","PR816","PR819","ARTUP"],
	  "06" : ["PR634","ARTUP"],
	  "12" : ["PR860","PR861","ARTUP"]
	},
	"draw":[["PR402","PR405","PR406","BAGRU","PR409","ARTUP"],["PR815","PR816","PR819","ARTUP"],["PR634","ARTUP"],["PR860","PR861","ARTUP"]]
      },
      "VOZ": {
	"icao": "VOZ",
	"name": "Vozice",
	"suffix": {"24":"2A","30":"2B","06":"2E","12":"2H"},
	"rwy": {
	  "24" : ["PR402","PR403","PR404","VOZ"],
	  "30" : ["PR813","PR814","PR403","PR404","VOZ"],
	  "06" : ["PR633","PR635","VOZ"],
	  "12" : ["PR626","VOZ"]
	},
	"draw":[["PR402","PR403","PR404","VOZ"],["PR813","PR814","PR403","PR404","VOZ"],["PR633","PR635","VOZ"],["PR626","VOZ"]]
      }
  },
  "departures": {
    "airlines": [
      ["TVS", 20],
      ["CSA", 20],
      ["EZY", 5],
      ["RYR",5],
      ["AFL",2],
      ["BAW",2],
      ["SAS",1],
      ["EIN",1],
      ["UAE",1]
      ],
    "destinations" : ["BALTU","DOBEN","VENOX","ARTUP","VOZ"],
    "type" : "random",
    "frequency": 30
  }
}




